Datetime,Water Level (m)
2026-02-04 12:00:00,-0.19478904
2026-02-04 13:00:00,-0.09250152
2026-02-04 14:00:00,0.016819961
2026-02-04 15:00:00,0.09972596
2026-02-04 16:00:00,0.123512164
2026-02-04 17:00:00,0.089819774
2026-02-04 18:00:00,0.020805953
2026-02-04 19:00:00,-0.05672727
2026-02-04 20:00:00,-0.13668002
2026-02-04 21:00:00,-0.21371764
2026-02-04 22:00:00,-0.2704464
2026-02-04 23:00:00,-0.27714765
2026-02-05 00:00:00,-0.22601305
2026-02-05 01:00:00,-0.11176344
2026-02-05 02:00:00,0.015878046
2026-02-05 03:00:00,0.12783144
2026-02-05 04:00:00,0.18418148
2026-02-05 05:00:00,0.17807005
2026-02-05 06:00:00,0.11753729
2026-02-05 07:00:00,0.03833404
2026-02-05 08:00:00,-0.048052665
2026-02-05 09:00:00,-0.13373506
2026-02-05 10:00:00,-0.21182577
2026-02-05 11:00:00,-0.25850055
2026-02-05 12:00:00,-0.2514171
2026-02-05 13:00:00,-0.18639143
2026-02-05 14:00:00,-0.080827825
2026-02-05 15:00:00,0.022644535
2026-02-05 16:00:00,0.08990084
2026-02-05 17:00:00,0.10318127
2026-02-05 18:00:00,0.055736613
2026-02-05 19:00:00,-0.015070935
2026-02-05 20:00:00,-0.09411745
2026-02-05 21:00:00,-0.17391944
2026-02-05 22:00:00,-0.24610549
2026-02-05 23:00:00,-0.2836818
2026-02-06 00:00:00,-0.26963452
2026-02-06 01:00:00,-0.1988099
2026-02-06 02:00:00,-0.08832703
2026-02-06 03:00:00,0.021674924
2026-02-06 04:00:00,0.096104376
2026-02-06 05:00:00,0.11450971
2026-02-06 06:00:00,0.070368625
2026-02-06 07:00:00,-0.001563482
2026-02-06 08:00:00,-0.08200113
2026-02-06 09:00:00,-0.16410086
2026-02-06 10:00:00,-0.24346639
2026-02-06 11:00:00,-0.30813903
2026-02-06 12:00:00,-0.33014098
2026-02-06 13:00:00,-0.2990956
2026-02-06 14:00:00,-0.2107024
2026-02-06 15:00:00,-0.107452095
2026-02-06 16:00:00,-0.014218298
2026-02-06 17:00:00,0.03558679
2026-02-06 18:00:00,0.027832994
2026-02-06 19:00:00,-0.028245823
2026-02-06 20:00:00,-0.098767824
2026-02-06 21:00:00,-0.17494695
2026-02-06 22:00:00,-0.24884671
2026-02-06 23:00:00,-0.30415905
2026-02-07 00:00:00,-0.31594008
2026-02-07 01:00:00,-0.28045818
2026-02-07 02:00:00,-0.18911721
2026-02-07 03:00:00,-0.08825381
2026-02-07 04:00:00,-0.00050683436
2026-02-07 05:00:00,0.042453643
2026-02-07 06:00:00,0.027770521
2026-02-07 07:00:00,-0.030947031
2026-02-07 08:00:00,-0.10285438
2026-02-07 09:00:00,-0.18012647
2026-02-07 10:00:00,-0.2568141
2026-02-07 11:00:00,-0.3263636
2026-02-07 12:00:00,-0.3658628
2026-02-07 13:00:00,-0.35961202
2026-02-07 14:00:00,-0.30182418
2026-02-07 15:00:00,-0.204245
2026-02-07 16:00:00,-0.103645146
2026-02-07 17:00:00,-0.026272478
2026-02-07 18:00:00,0.0045019686
2026-02-07 19:00:00,-0.023392603
2026-02-07 20:00:00,-0.08255639
2026-02-07 21:00:00,-0.15407962
2026-02-07 22:00:00,-0.22714382
2026-02-07 23:00:00,-0.2913964
2026-02-08 00:00:00,-0.32422164
2026-02-08 01:00:00,-0.32002702
2026-02-08 02:00:00,-0.27170825
2026-02-08 03:00:00,-0.18811667
2026-02-08 04:00:00,-0.10891762
2026-02-08 05:00:00,-0.054261565
2026-02-08 06:00:00,-0.044442806
2026-02-08 07:00:00,-0.08347037
2026-02-08 08:00:00,-0.14510012
2026-02-08 09:00:00,-0.21446557
2026-02-08 10:00:00,-0.2859361
2026-02-08 11:00:00,-0.35468617
2026-02-08 12:00:00,-0.4048622
2026-02-08 13:00:00,-0.41689342
2026-02-08 14:00:00,-0.38776094
2026-02-08 15:00:00,-0.3092354
2026-02-08 16:00:00,-0.2175765
2026-02-08 17:00:00,-0.12961161
2026-02-08 18:00:00,-0.071196444
2026-02-08 19:00:00,-0.059199255
2026-02-08 20:00:00,-0.09658087
2026-02-08 21:00:00,-0.15636888
2026-02-08 22:00:00,-0.22372054
2026-02-08 23:00:00,-0.2883628
2026-02-09 00:00:00,-0.33474565
2026-02-09 01:00:00,-0.34937188
2026-02-09 02:00:00,-0.3343516
2026-02-09 03:00:00,-0.27839893
2026-02-09 04:00:00,-0.21109606
2026-02-09 05:00:00,-0.15482087
2026-02-09 06:00:00,-0.1288158
2026-02-09 07:00:00,-0.14263992
2026-02-09 08:00:00,-0.19045979
2026-02-09 09:00:00,-0.24996114
2026-02-09 10:00:00,-0.31399664
2026-02-09 11:00:00,-0.37797678
2026-02-09 12:00:00,-0.4318525
2026-02-09 13:00:00,-0.4568422
2026-02-09 14:00:00,-0.44971296
2026-02-09 15:00:00,-0.4017032
2026-02-09 16:00:00,-0.3201554
2026-02-09 17:00:00,-0.23278321
2026-02-09 18:00:00,-0.15437204
2026-02-09 19:00:00,-0.10532014
2026-02-09 20:00:00,-0.098956876
2026-02-09 21:00:00,-0.13435118
2026-02-09 22:00:00,-0.18972026
2026-02-09 23:00:00,-0.25005764
2026-02-10 00:00:00,-0.30255514
2026-02-10 01:00:00,-0.33241728
2026-02-10 02:00:00,-0.34063402
2026-02-10 03:00:00,-0.32648724
2026-02-10 04:00:00,-0.28428134
2026-02-10 05:00:00,-0.24167323
2026-02-10 06:00:00,-0.21155418
2026-02-10 07:00:00,-0.20523639
2026-02-10 08:00:00,-0.22764787
2026-02-10 09:00:00,-0.2707592
2026-02-10 10:00:00,-0.32171896
2026-02-10 11:00:00,-0.37546316
2026-02-10 12:00:00,-0.4259085
